{
    "ergParam": {
        "dt": 0.02,
        "res": 101,
        "time": [
            0.0,
            0.01,
            0.02,
            0.03,
            0.04,
            0.05,
            0.06,
            0.07,
            0.08,
            0.09,
            0.1,
            0.11,
            0.12,
            0.13,
            0.14,
            0.15,
            0.16,
            0.17,
            0.18,
            0.19,
            0.2,
            0.21,
            0.22,
            0.23,
            0.24,
            0.25,
            0.26,
            0.27,
            0.28,
            0.29,
            0.3,
            0.31,
            0.32,
            0.33,
            0.34,
            0.35000000000000003,
            0.36,
            0.37,
            0.38,
            0.39,
            0.4,
            0.41000000000000003,
            0.42,
            0.43,
            0.44,
            0.45,
            0.46,
            0.47000000000000003,
            0.48,
            0.49,
            0.5,
            0.51,
            0.52,
            0.53,
            0.54,
            0.55,
            0.56,
            0.5700000000000001,
            0.58,
            0.59,
            0.6,
            0.61,
            0.62,
            0.63,
            0.64,
            0.65,
            0.66,
            0.67,
            0.68,
            0.6900000000000001,
            0.7000000000000001,
            0.71,
            0.72,
            0.73,
            0.74,
            0.75,
            0.76,
            0.77,
            0.78,
            0.79,
            0.8,
            0.81,
            0.8200000000000001,
            0.8300000000000001,
            0.84,
            0.85,
            0.86,
            0.87,
            0.88,
            0.89,
            0.9,
            0.91,
            0.92,
            0.93,
            0.9400000000000001,
            0.9500000000000001,
            0.96,
            0.97,
            0.98,
            0.99,
            1.0
        ],
        "alpha": 0.1,
        "beta": 0.4,
        "timeHorizon": 1.0,
        "wControl": 10
    },
    "eidParam": {
        "res": 101,
        "tRes": 101,
        "maxIter": 40,
        "eidType": "Entropy",
        "pLHistDepth": 1,
        "pLSigmaAmpBayesian": 100,
        "pLSigmaAmpEID": 100,
        "pLSigmaAmp": 100,
        "blindIdx": [
            8,
            9,
            10,
            11,
            12,
            13
        ],
        "blind": "noise",
        "simType": "EH",
        "rawTraj": [
            [
                0.16570935606113707
            ],
            [
                0.16909827472894326
            ],
            [
                0.1720999469468007
            ],
            [
                0.1739870050441704
            ],
            [
                0.17736567909689857
            ],
            [
                0.1803775959298339
            ],
            [
                0.1803775959298339
            ],
            [
                0.1822708007962505
            ],
            [
                0.1822708007962505
            ],
            [
                0.18377266136668685
            ],
            [
                0.18377266136668685
            ],
            [
                0.185647425925963
            ],
            [
                0.185647425925963
            ],
            [
                0.1822708007962505
            ],
            [
                0.1822708007962505
            ],
            [
                0.17549296346063797
            ],
            [
                0.17549296346063797
            ],
            [
                0.1720999469468007
            ],
            [
                0.1720999469468007
            ],
            [
                0.17060628206842654
            ],
            [
                0.16721121663157357
            ],
            [
                0.16721121663157357
            ],
            [
                0.16570935606113707
            ],
            [
                0.1638161511947206
            ],
            [
                0.16231224170126843
            ],
            [
                0.1589315187255247
            ],
            [
                0.15404483733331323
            ],
            [
                0.15253682999382995
            ],
            [
                0.14915405809507054
            ],
            [
                0.14726699999770082
            ],
            [
                0.14236187829834893
            ],
            [
                0.14086001772791243
            ],
            [
                0.13747929475216858
            ],
            [
                0.1307055552625874
            ],
            [
                0.1291995968461197
            ],
            [
                0.1258209227933915
            ],
            [
                0.12430676868486146
            ],
            [
                0.12091785001705527
            ],
            [
                0.12091785001705527
            ],
            [
                0.11940984267757199
            ],
            [
                0.11753507811829585
            ],
            [
                0.11602911970182814
            ],
            [
                0.11602911970182814
            ],
            [
                0.11265044564909994
            ],
            [
                0.11114243830961668
            ],
            [
                0.10925538021224697
            ],
            [
                0.10774532394974803
            ],
            [
                0.10436869882003551
            ],
            [
                0.10286478932658334
            ],
            [
                0.10286478932658334
            ],
            [
                0.10097363338318242
            ],
            [
                0.10097363338318242
            ],
            [
                0.0994635771206836
            ],
            [
                0.09759086148442313
            ],
            [
                0.09608900091398663
            ],
            [
                0.09457689572847214
            ],
            [
                0.09270622901522721
            ],
            [
                0.0912002705987595
            ],
            [
                0.0912002705987595
            ],
            [
                0.08780725408492208
            ],
            [
                0.08780725408492208
            ],
            [
                0.08629924674543882
            ],
            [
                0.08441628649410034
            ],
            [
                0.08102941674930969
            ],
            [
                0.07801545099335871
            ],
            [
                0.07614478428011379
            ],
            [
                0.07275176776627637
            ],
            [
                0.07275176776627637
            ],
            [
                0.06786303745104935
            ],
            [
                0.0644720698602275
            ],
            [
                0.05957924169896926
            ],
            [
                0.056202616569256625
            ],
            [
                0.05130159271593593
            ],
            [
                0.04490485506122564
            ],
            [
                0.03963707398811209
            ],
            [
                0.03963707398811209
            ],
            [
                0.03135737608206321
            ],
            [
                0.02646864576683608
            ],
            [
