{"ergParam": {"dt": 0.02, "res": 101, "time": [0.0, 0.01, 0.02, 0.03, 0.04, 0.05, 0.06, 0.07, 0.08, 0.09, 0.1, 0.11, 0.12, 0.13, 0.14, 0.15, 0.16, 0.17, 0.18, 0.19, 0.2, 0.21, 0.22, 0.23, 0.24, 0.25, 0.26, 0.27, 0.28, 0.29, 0.3, 0.31, 0.32, 0.33, 0.34, 0.35000000000000003, 0.36, 0.37, 0.38, 0.39, 0.4, 0.41000000000000003, 0.42, 0.43, 0.44, 0.45, 0.46, 0.47000000000000003, 0.48, 0.49, 0.5, 0.51, 0.52, 0.53, 0.54, 0.55, 0.56, 0.5700000000000001, 0.58, 0.59, 0.6, 0.61, 0.62, 0.63, 0.64, 0.65, 0.66, 0.67, 0.68, 0.6900000000000001, 0.7000000000000001, 0.71, 0.72, 0.73, 0.74, 0.75, 0.76, 0.77, 0.78, 0.79, 0.8, 0.81, 0.8200000000000001, 0.8300000000000001, 0.84, 0.85, 0.86, 0.87, 0.88, 0.89, 0.9, 0.91, 0.92, 0.93, 0.9400000000000001, 0.9500000000000001, 0.96, 0.97, 0.98, 0.99, 1.0], "alpha": 0.025, "beta": 0.4, "timeHorizon": 1.0, "wControl": 15}, "eidParam": {"res": 101, "tRes": 101, "maxIter": 40, "eidType": "Entropy", "pLHistDepth": 1, "pLSigmaAmpBayesian": 100, "pLSigmaAmpEID": 100, "pLSigmaAmp": 100, "blindIdx": false, "blind": "n/a", "simType": "EH", "rawTraj": [[0.409134679240271], [0.409134679240271], [0.4073947403373621], [0.4039148625315449], [0.4039148625315449], [0.4039148625315449], [0.40173993890290893], [0.4039148625315449], [0.4039148625315449], [0.40173993890290893], [0.40173993890290893], [0.4039148625315449], [0.4039148625315449], [0.40173993890290893], [0.4], [0.40173993890290893], [0.4039148625315449], [0.4073947403373621], [0.409134679240271], [0.4104396334174526], [0.41391951122327003], [0.41565945012617894], [0.41870434320626915], [0.4204442821091778], [0.4260990835436313], [0.4278390224465402], [0.4308839155266306], [0.4326238544295392], [0.43610373223535676], [0.43914862531544707], [0.44088856421835587], [0.4448034267499005], [0.4478483198299908], [0.44958825873289976], [0.44958825873289976], [0.45306813653871697], [0.4548080754416259], [0.4561130296188075], [0.4595929074246249], [0.46350776995616977], [0.46350776995616977], [0.4652477088590784], [0.46655266303626], [0.4682926019391686], [0.47177247974498615], [0.47351241864789506], [0.4748173728250765], [0.47829725063089407], [0.480037189533803], [0.4839520520653476], [0.4869969451454378], [0.4887368840483467], [0.49047682295125533], [0.49352171603134565], [0.49526165493425456], [0.4970015938371632], [0.5004814716429807], [0.5017864258201623], [0.5057012883517069], [0.5091811661575246], [0.5139659981405235], [0.5157059370434324], [0.51918581484925], [0.5231006773807945], [0.5244056315579763], [0.5261455704608848], [0.5296254482667024], [0.531365387169611], [0.531365387169611], [0.5326703413467926], [0.5344102802497015], [0.5344102802497015], [0.5326703413467926], [0.5344102802497015], [0.5326703413467926], [0.5326703413467926], [0.5344102802497015], [0.5344102802497015], [0.531365387169611], [0.5296254482667024], [0.5278855093637937], [0.5244056315579763], [0.5244056315579763], [0.5261455704608848], [0.5296254482667024], [0.531365387169611], [0.531365387169611], [0.5326703413467926], [0.5326703413467926], [0.5396300969584277], [0.5409350511356095], [0.5431099747642454], [0.5513746845530618], [0.5548545623588793], [0.5613793332447872], [0.5687740735821494], [0.5687740735821494], [0.5718189666622397], [0.570079027759331], [0.5718189666622397], [0.5735589055651487], [0.5718189666622397], [0.5718189666622397], [0.570079027759331], [0.5687740735821494], [0.5652941957763318], [0.5596393943418783], [0.558334440164697], [0.5565945012617881], [0.5548545623588793], [0.5548545623588793], [0.5483297914729716], [0.5465898525700627], [0.5465898525700627], [0.5431099747642454], [0.5431099747642454], [0.5483297914729716], [0.5513746845530618], [0.558334440164697], [0.5596393943418783], [0.5635542568734232], [0.5670341346792407], [0.5687740735821494], [0.5735589055651487], [0.5718189666622397], [0.5752988444680572], [0.5752988444680572], [0.5770387833709659], [0.5770387833709659], [0.5752988444680572], [0.5735589055651487]], "maxT": 60, "objCenter": 0.5, "sInitPos": 0.4, "saveDir": "./SimData/fig2/"}, "SNR": [22], "wControl": [15], "Sigma": [0.05], "objAmp": [0.25], "figName": "fig2", "filename": "fig2-ErgodicHarvest-Rat-WeakSignal.mat", "procNoiseSigma": [0.02], "pLSigmaAmp": [100], "dt": [0.025], "randSeed": [0], "tRes": [101]}