{"ergParam": {"dt": 0.02, "res": 101, "time": [0.0, 0.005, 0.01, 0.015, 0.02, 0.025, 0.03, 0.035, 0.04, 0.045, 0.05, 0.055, 0.06, 0.065, 0.07, 0.075, 0.08, 0.085, 0.09, 0.095, 0.1, 0.105, 0.11, 0.115, 0.12, 0.125, 0.13, 0.135, 0.14, 0.145, 0.15, 0.155, 0.16, 0.165, 0.17, 0.17500000000000002, 0.18, 0.185, 0.19, 0.195, 0.2, 0.20500000000000002, 0.21, 0.215, 0.22, 0.225, 0.23, 0.23500000000000001, 0.24, 0.245, 0.25, 0.255, 0.26, 0.265, 0.27, 0.275, 0.28, 0.28500000000000003, 0.29, 0.295, 0.3, 0.305, 0.31, 0.315, 0.32, 0.325, 0.33, 0.335, 0.34, 0.34500000000000003, 0.35000000000000003, 0.355, 0.36, 0.365, 0.37, 0.375, 0.38, 0.385, 0.39, 0.395, 0.4, 0.405, 0.41000000000000003, 0.41500000000000004, 0.42, 0.425, 0.43, 0.435, 0.44, 0.445, 0.45, 0.455, 0.46, 0.465, 0.47000000000000003, 0.47500000000000003, 0.48, 0.485, 0.49, 0.495, 0.5, 0.505, 0.51, 0.515, 0.52, 0.525, 0.53, 0.535, 0.54, 0.545, 0.55, 0.555, 0.56, 0.5650000000000001, 0.5700000000000001, 0.5750000000000001, 0.58, 0.585, 0.59, 0.595, 0.6, 0.605, 0.61, 0.615, 0.62, 0.625, 0.63, 0.635, 0.64, 0.645, 0.65, 0.655, 0.66, 0.665, 0.67, 0.675, 0.68, 0.685, 0.6900000000000001, 0.6950000000000001, 0.7000000000000001, 0.705, 0.71, 0.715, 0.72, 0.725, 0.73, 0.735, 0.74, 0.745, 0.75, 0.755, 0.76, 0.765, 0.77, 0.775, 0.78, 0.785, 0.79, 0.795, 0.8, 0.805, 0.81, 0.8150000000000001, 0.8200000000000001, 0.8250000000000001, 0.8300000000000001, 0.835, 0.84, 0.845, 0.85, 0.855, 0.86, 0.865, 0.87, 0.875, 0.88, 0.885, 0.89, 0.895, 0.9, 0.905, 0.91, 0.915, 0.92, 0.925, 0.93, 0.935, 0.9400000000000001, 0.9450000000000001, 0.9500000000000001, 0.9550000000000001, 0.96, 0.965, 0.97, 0.975, 0.98, 0.985, 0.99, 0.995, 1.0], "alpha": 0.025, "beta": 0.4, "timeHorizon": 1.0, "eidTime": [0.0, 0.01, 0.02, 0.03, 0.04, 0.05, 0.06, 0.07, 0.08, 0.09, 0.1, 0.11, 0.12, 0.13, 0.14, 0.15, 0.16, 0.17, 0.18, 0.19, 0.2, 0.21, 0.22, 0.23, 0.24, 0.25, 0.26, 0.27, 0.28, 0.29, 0.3, 0.31, 0.32, 0.33, 0.34, 0.35000000000000003, 0.36, 0.37, 0.38, 0.39, 0.4, 0.41000000000000003, 0.42, 0.43, 0.44, 0.45, 0.46, 0.47000000000000003, 0.48, 0.49, 0.5, 0.51, 0.52, 0.53, 0.54, 0.55, 0.56, 0.5700000000000001, 0.58, 0.59, 0.6, 0.61, 0.62, 0.63, 0.64, 0.65, 0.66, 0.67, 0.68, 0.6900000000000001, 0.7000000000000001, 0.71, 0.72, 0.73, 0.74, 0.75, 0.76, 0.77, 0.78, 0.79, 0.8, 0.81, 0.8200000000000001, 0.8300000000000001, 0.84, 0.85, 0.86, 0.87, 0.88, 0.89, 0.9, 0.91, 0.92, 0.93, 0.9400000000000001, 0.9500000000000001, 0.96, 0.97, 0.98, 0.99, 1.0], "wControl": 20}, "eidParam": {"res": 101, "tRes": 101, "maxIter": 40, "eidType": "Entropy", "pLHistDepth": 1, "pLSigmaAmpBayesian": 150, "pLSigmaAmpEID": 150, "pLSigmaAmp": 150, "blindIdx": false, "blind": "n/a", "simType": "EH", "rawTraj": [[0.5970552285676677], [0.6], [0.5947648507869648], [0.5898568983997443], [0.5898568983997443], [0.5885481110964854], [0.5856033396641531], [0.5842945523608942], [0.5829857650576353], [0.5820041745801914], [0.5806953872769325], [0.5793865999736737], [0.5764418285413413], [0.5751330412380826], [0.5741514507606384], [0.5715338761541208], [0.570225088850862], [0.570225088850862], [0.5689163015476032], [0.5679347110701591], [0.5679347110701591], [0.5659715301152709], [0.5659715301152709], [0.5649899396378267], [0.5649899396378267], [0.5623723650313092], [0.5597547904247915], [0.5597547904247915], [0.5587731999473474], [0.5587731999473474], [0.5574644126440886], [0.5561556253408297], [0.5561556253408297], [0.5574644126440886], [0.5587731999473474], [0.5574644126440886], [0.5561556253408297], [0.5561556253408297], [0.5574644126440886], [0.5587731999473474], [0.5587731999473474], [0.5597547904247915], [0.5587731999473474], [0.5574644126440886], [0.5574644126440886], [0.5561556253408297], [0.5545196412117562], [0.5545196412117562], [0.5532108539084974], [0.5519020666052387], [0.5496116888245357], [0.5483029015212769], [0.5469941142180181], [0.5440493427856858], [0.5430677523082417], [0.5417589650049829], [0.540450177701724], [0.5391413903984653], [0.5378326030952064], [0.5378326030952064], [0.5355422253145036], [0.53390624118543], [0.5325974538821712], [0.5299798792756536], [0.5289982887982094], [0.5237631395851742], [0.5221271554561007], [0.5198367776753978], [0.5185279903721389], [0.5159104157656214], [0.5136200379849184], [0.5136200379849184], [0.5106752665525861], [0.5067489046428096], [0.5031497395588479], [0.5002049681265156], [0.4988961808232568], [0.49660580304255386], [0.495297015739295], [0.4926794411327774], [0.4916978506553333], [0.488753079223001], [0.48744429191974215], [0.48613550461648336], [0.4812275522292628], [0.47828278079693054], [0.4759924030162276], [0.4720660411064511], [0.4720660411064511], [0.4691212696741188], [0.46781248237086], [0.46781248237086], [0.46683089189341587], [0.4655221045901571], [0.46290452998363946], [0.4606141522029365], [0.45766938077060426], [0.45636059346734537], [0.45374301886082774], [0.45145264108012484], [0.450143853776866], [0.4488350664736072], [0.4471990823445337], [0.44589029504127486], [0.44589029504127486], [0.4422911299573132], [0.43967355535079555], [0.4370559807442779], [0.4357471934410191], [0.4357471934410191], [0.4344384061377603], [0.4344384061377603], [0.43312961883450146], [0.4318208315312426], [0.43083924105379856], [0.43083924105379856], [0.4318208315312426], [0.4318208315312426], [0.43312961883450146], [0.43312961883450146], [0.4344384061377603], [0.4344384061377603], [0.4357471934410191], [0.4357471934410191], [0.4344384061377603], [0.43312961883450146], [0.43312961883450146], [0.4318208315312426], [0.43083924105379856], [0.43083924105379856], [0.4318208315312426], [0.43312961883450146], [0.4344384061377603], [0.4344384061377603], [0.4318208315312426], [0.43083924105379856], [0.43083924105379856], [0.4318208315312426], [0.4344384061377603], [0.4357471934410191], [0.43869196487335144], [0.44098234265405434], [0.44359991726057196], [0.44589029504127486], [0.4488350664736072], [0.45145264108012484], [0.4527614283833836], [0.4550518061640866], [0.45636059346734537], [0.45930536489967777], [0.4615957426803806], [0.4615957426803806], [0.46290452998363946], [0.4642133172868983], [0.46683089189341587], [0.4691212696741188], [0.4720660411064511], [0.4733748284097099], [0.4746836157129687], [0.4759924030162276], [0.4759924030162276], [0.4769739934936717], [0.47828278079693054], [0.4812275522292628], [0.48384512683578046], [0.48613550461648336], [0.49006186652625977], [0.4939882284360362], [0.49660580304255386], [0.4979145903458127], [0.5002049681265156], [0.5031497395588479], [0.5057673141653655], [0.5080576919460684]], "maxT": 60, "objCenter": 0.5, "sInitPos": 0.8, "saveDir": "./SimData/fig2/"}, "SNR": [55], "wControl": [20], "Sigma": [0.06], "objAmp": [0.25], "figName": "fig2", "filename": "fig2-ErgodicHarvest-Rat-StrongSignal.mat", "procNoiseSigma": [0.02], "pLSigmaAmp": [150], "dt": [0.025], "randSeed": [0], "tRes": [101]}