{
    "ergParam": {
        "dt": 0.02,
        "res": 101,
        "time": [
            0.0,
            0.005,
            0.01,
            0.015,
            0.02,
            0.025,
            0.03,
            0.035,
            0.04,
            0.045,
            0.05,
            0.055,
            0.06,
            0.065,
            0.07,
            0.075,
            0.08,
            0.085,
            0.09,
            0.095,
            0.1,
            0.105,
            0.11,
            0.115,
            0.12,
            0.125,
            0.13,
            0.135,
            0.14,
            0.145,
            0.15,
            0.155,
            0.16,
            0.165,
            0.17,
            0.17500000000000002,
            0.18,
            0.185,
            0.19,
            0.195,
            0.2,
            0.20500000000000002,
            0.21,
            0.215,
            0.22,
            0.225,
            0.23,
            0.23500000000000001,
            0.24,
            0.245,
            0.25,
            0.255,
            0.26,
            0.265,
            0.27,
            0.275,
            0.28,
            0.28500000000000003,
            0.29,
            0.295,
            0.3,
            0.305,
            0.31,
            0.315,
            0.32,
            0.325,
            0.33,
            0.335,
            0.34,
            0.34500000000000003,
            0.35000000000000003,
            0.355,
            0.36,
            0.365,
            0.37,
            0.375,
            0.38,
            0.385,
            0.39,
            0.395,
            0.4,
            0.405,
            0.41000000000000003,
            0.41500000000000004,
            0.42,
            0.425,
            0.43,
            0.435,
            0.44,
            0.445,
            0.45,
            0.455,
            0.46,
            0.465,
            0.47000000000000003,
            0.47500000000000003,
            0.48,
            0.485,
            0.49,
            0.495,
            0.5,
            0.505,
            0.51,
            0.515,
            0.52,
            0.525,
            0.53,
            0.535,
            0.54,
            0.545,
            0.55,
            0.555,
            0.56,
            0.5650000000000001,
            0.5700000000000001,
            0.5750000000000001,
            0.58,
            0.585,
            0.59,
            0.595,
            0.6,
            0.605,
            0.61,
            0.615,
            0.62,
            0.625,
            0.63,
            0.635,
            0.64,
            0.645,
            0.65,
            0.655,
            0.66,
            0.665,
            0.67,
            0.675,
            0.68,
            0.685,
            0.6900000000000001,
            0.6950000000000001,
            0.7000000000000001,
            0.705,
            0.71,
            0.715,
            0.72,
            0.725,
            0.73,
            0.735,
            0.74,
            0.745,
            0.75,
            0.755,
            0.76,
            0.765,
            0.77,
            0.775,
            0.78,
            0.785,
            0.79,
            0.795,
            0.8,
            0.805,
            0.81,
            0.8150000000000001,
            0.8200000000000001,
            0.8250000000000001,
            0.8300000000000001,
            0.835,
            0.84,
            0.845,
            0.85,
            0.855,
            0.86,
            0.865,
            0.87,
            0.875,
            0.88,
            0.885,
            0.89,
            0.895,
            0.9,
            0.905,
            0.91,
            0.915,
            0.92,
            0.925,
            0.93,
            0.935,
            0.9400000000000001,
            0.9450000000000001,
            0.9500000000000001,
            0.9550000000000001,
            0.96,
            0.965,
            0.97,
            0.975,
            0.98,
            0.985,
            0.99,
            0.995,
            1.0
        ],
        "alpha": 0.1,
        "beta": 0.4,
        "timeHorizon": 1.0,
        "eidTime": [
            0.0,
            0.01,
            0.02,
            0.03,
            0.04,
            0.05,
            0.06,
            0.07,
            0.08,
            0.09,
            0.1,
            0.11,
            0.12,
            0.13,
            0.14,
            0.15,
            0.16,
            0.17,
            0.18,
            0.19,
            0.2,
            0.21,
            0.22,
            0.23,
            0.24,
            0.25,
            0.26,
            0.27,
            0.28,
            0.29,
            0.3,
            0.31,
            0.32,
            0.33,
            0.34,
            0.35000000000000003,
            0.36,
            0.37,
            0.38,
            0.39,
            0.4,
            0.41000000000000003,
            0.42,
            0.43,
            0.44,
            0.45,
            0.46,
            0.47000000000000003,
            0.48,
            0.49,
            0.5,
            0.51,
            0.52,
            0.53,
            0.54,
            0.55,
            0.56,
            0.5700000000000001,
            0.58,
            0.59,
            0.6,
            0.61,
            0.62,
            0.63,
            0.64,
            0.65,
            0.66,
            0.67,
            0.68,
            0.6900000000000001,
            0.7000000000000001,
            0.71,
            0.72,
            0.73,
            0.74,
            0.75,
            0.76,
            0.77,
            0.78,
            0.79,
            0.8,
            0.81,
            0.8200000000000001,
            0.8300000000000001,
            0.84,
            0.85,
            0.86,
            0.87,
            0.88,
            0.89,
            0.9,
            0.91,
            0.92,
            0.93,
            0.9400000000000001,
            0.9500000000000001,
            0.96,
            0.97,
            0.98,
            0.99,
            1.0
        ],
        "wControl": 20
    },
    "eidParam": {
        "res": 101,
        "tRes": 101,
        "maxIter": 40,
        "eidType": "Entropy",
        "pLHistDepth": 1,
        "pLSigmaAmpBayesian": 150,
        "pLSigmaAmpEID": 150,
        "pLSigmaAmp": 150,
        "blindIdx": false,
        "blind": "n/a",
        "simType": "EH",